id,school,professor,course,semester,rating,review,source
1,가천대,엄인옥,확률과 통계,26년 1학기 수강자,4,"강의력이 좋으시고, 교수님 자체가 친절하십니다. 학생들에게 쉽게 알려주려고 하시고, 중요한 부분도 찝어주시는 편입니다. 허나 교수님 자체가 말이 빠르신데, 제대로 못 따라가고 이해를 못 하는 부분이 생기면 그 이후부턴 막막해집니다.",review
2,가천대,엄인옥,확률과 통계,26년 1학기 수강자,5,강의력 좋으시고 배려도 잘 해주십니다! 재밋게 듣고있습니다,review
3,가천대,엄인옥,확률과 통계,26년 1학기 수강자,5,강의력 매우 좋으십니다 제가 들은 교수님들 중에 제일 좋으신 것 같고 과제도 어렵지 않게 해결 가능하고 들으면 절대 손해 안 보는 교수님입니다,review
4,가천대,엄인옥,확률과 통계,26년 1학기 수강자,5,"교수님 강의력은 완전 좋으시고, 과제는 조금 있어요.",review
5,가천대,엄인옥,확률과 통계,26년 1학기 수강자,5,강의력 좋으시고 열정도 넘치심 가끔 기초적인 질문해도 쉽게 설명해주심 과제도 몇개없음,review
6,가천대,엄인옥,확률과 통계,25년 1학기 수강자,5,강의력도 너무 조으시고 시험 문제도 무난하게 풀 수 있는 goat,review
7,가천대,엄인옥,확률과 통계,25년 1학기 수강자,5,"강의력도 엄청 좋으시고, 강의자료도 이해하기 쉽게 잘 되어 있습니다. 대부분 일찍 끝내주시는 편이고, 과제가 있지만 제출만 하면 점수를 주십니다. 시험은 강의자료에 있는 문제를 많이 풀면 무난하게 풀릴 난이도인 것 같습니다",review
8,가천대,엄인옥,확률과 통계,25년 1학기 수강자,5,강의력 진짜 좋으시고 수업 자료도 좋습니다..교수님이 다른 수업도 해주시면 좋겠음ㅎ시험 문제 어렵지도 쉽지도 않은데 성적은 약간 짜게 주시는 감이 있음,review
9,가천대,엄인옥,확률과 통계,25년 1학기 수강자,4,강의력은 정말 좋았습니다! 컴공에서 항상 드는 생각이 그래서 이걸 배우는 이유가 뭘까에 대한 명확한 답을 알려주시며 수업을 진행해주셔서 이해하며 따라가기 수월했습니다! 다만 점수에 비해 성적에 아쉬움이 남아 4점으로 체크하였습니다. 확통 들으시면 교수님 강의 추천드립니다!,review
10,가천대,엄인옥,확률과 통계,25년 1학기 수강자,5,강의력 좋으시고 시험도 연습 문제 수준으로 나와요,review
11,가천대,이현탁,확률과 통계,25년 1학기 수강자,5,일반적인 확률과 통계처럼 수학을 푸는건 아니고 내용은 더 어려워요 근데 열심히 하면 얻어가는건 많을듯 그리고 교수님이 너무 착하고 귀여우심,review
12,가천대,이현탁,확률과 통계,25년 1학기 수강자,5,초임교수님이여서 아쉬운부분도 있지만 기말안봐서 개꿀입니다,review
13,가천대,이현탁,확률과 통계,25년 1학기 수강자,2,교수님은 진짜 너무 착하시고 좋은데 초임교수님이셔서 아직 너무 모르시는 것도 많고 난이도가 높은 편입니다. 따라가기 조금 벅차고 우등생들이 많아서 성적 따기 어려운것 같습니다. 그럼에도 계속 설명해주시면서 이해시켜주려고 노력하십니다,review
14,가천대,이현탁,확률과 통계,25년 1학기 수강자,5,학습하는데 기본적인 준비랑 내용이 좀 빡세고 수업에서 가르치시걸 따라가는게 힘들 수 있어서 벅찰 수도 있는데 실무에서 배우는 걸 경험 할 수 있어서 매우매우 도움이 되요! 신입교수님 이시지만 착하시고 너무 좋아요💕,review
15,가천대,남궁정일,확률과 통계,25년 1학기 수강자,4,지각도 자주 하시고 시험 공지도 늦게 올려주셔서 슬펐지만 성적을 잘 주셔서 조금 치유됐어요,review
16,가천대,남궁정일,확률과 통계,25년 1학기 수강자,3,교수님이 시간을 잘 안지키세요. 강의는 전형적으로 교수님이 열심히 하시나 이해하기는 어려운 수업인것 같습니다,review
17,가천대,남궁정일,확률과 통계,25년 1학기 수강자,3,수업을 너무 자주 빼셔서 뭘 배웠는지 자꾸 까먹어요 이건 나의 문제인것인가..... 그래도 성적 잘주심ㅜ,review
18,가천대,김진우,확률과 통계,26년 1학기 수강자,3,음...........그냥 진짜 음.... 입니다 좋지도 나쁘지도않은 어중간함?,review
19,가천대,김진우,확률과 통계,26년 1학기 수강자,2,완전 조용한? 수업입니다..시험은 엄청 어렵고 수업도 그냥 그렇습니다..,review
20,가천대,김진우,확률과 통계,26년 1학기 수강자,3,음...그냥 진짜 독학 과목임 내가 독학강의라고 평 쓰여있는거 많이 들어봤는데 이게 찐찐찐 독학 굳이 수업 들을 필요가 없고 들어도 이해 안되는? 시험은 글케 어렵게는 안나와요 대신 정확히는 알아야함,review
21,가천대,김진우,확률과 통계,26년 1학기 수강자,1,"예제 설명 어려운 거 나오면 교재에 나와 있는 거라고 해보라고 함. 자기도 계산 과정 가끔 틀리고, 말이 요점이 없어서 수업 듣기가 벅참. 점수는 잘 주려나? 잘 모르겠음. 수업에 비해 시험 문제 다소 어렵게 내셔서 평균에 못 미치는 듯.",review
22,가천대,김진우,확률과 통계,26년 1학기 수강자,3,Ppt 가독성도 나쁘지않고 나름 설명도 잘해주시는 편이지만 교수님이 하시는 필기를 받아적기가 힘듦,review
23,가천대,김진우,확률과 통계,26년 1학기 수강자,3,앞자리에 앉아도 교수님 목소리가 잘 안들려요 출튀하기 좋습니다,review
24,가천대,김진우,확률과 통계,26년 1학기 수강자,4,"교수님은이 착하십니다. 난이도도 딥하게 들어가지 않고 피피티만으로 충분히 공부할 수 있습니다.피피티 가독성도 이정도면 수학쪽에선 훌륭하다고 봅니다. 단, 교수님의 수업이 전달력이 있지 않다는점, 필기를 따라가려고 해도 컴퓨터 마우스 글씨체?라서 해석이 거의 불가능하다는 점에서 수업을 따라가긴 힘들어요..",review
25,가천대,김진우,확률과 통계,26년 1학기 수강자,4,어투때문에 좀 졸린 느낌이 있는데 수업은 ppt내용으로 로 잘 해주십니다,review
26,가천대,김진우,확률과 통계,26년 1학기 수강자,5,강의 속도나 난이도는 괜찮음 근데 너무 졸림 진짜 너무 졸림 과제 몇 번 있음 근데 어렵진 않음,review
27,가천대,김진우,확률과 통계,26년 1학기 수강자,4,교수님이 조용하시고 모바일 출첵 까먹어도 수업 종료후 이름 불러주십니다,review
28,가천대,윤영미,확률과 통계,26년 1학기 수강자,5,교수님 강의력이 너무 좋아요 다만 수업시간에 발표시키는게 조금 떨리지만 잘 알려주십니다 시험은 어려웠던거같아요,review
29,가천대,윤영미,확률과 통계,26년 1학기 수강자,5,"교수님이 열정적이시고 강의력이 좋으심 매 수업 한명씩 호명해 문제 풀게 하셔서 부담스럽지만 확실히 공부할 수 있음 거의 매주 과제 제출 해야 하고, 쪽지시험도 있어서 공부를 꾸준히 할 수 있음",review
30,가천대,윤영미,확률과 통계,26년 1학기 수강자,4,교수님이 앞으로 불러주시는 게 조금 부담스럽지만 좋은 강의입니다,review
31,가천대,윤영미,확률과 통계,26년 1학기 수강자,5,교수님 잘 가르쳐주세용 전에 들었던 다른 강의에 비하면 많이 유익하고 좋습니당 교수님이 매주 과제 내주시고 나와서 풀게 하시지만 이름도 한명한명 기억하려 해주시고 그렇게 부담되지 않아요!,review
32,가천대,윤영미,확률과 통계,26년 1학기 수강자,5,과제는 많지만 못할정도 + 빡세진 않음 한명씩 불려나가서 문제푸는거 부담스럽지만 교수님께서 도와주심,review
33,가천대,윤영미,확률과 통계,26년 1학기 수강자,5,내용은 많이 어려운데 잘 설명해주시긴 해요 그리고 좀 무서워요,review
34,가천대,윤영미,확률과 통계,25년 1학기 수강자,5,내용은 어려우나 교수님께서 잘 설명해주십니다,review
35,가천대,윤영미,확률과 통계,26년 1학기 수강자,4,처음에는 지루하다고 생각했는데 수업 진도 따라가다보면 들을만해서 만족합니다. 다만 교수님이 살짝 무서우심,review
36,가천대,윤영미,확률과 통계,26년 1학기 수강자,5,매주~격주 과제 있긴 한데 엄청 빡센건 아니고 그 주 복습느낌 교수님이 학생들 돌아가면서 문제 풀게 시키시는데 도움 많이 주십니다. 출튀 안됩니다. +가끔 10-20분정도 일찍 끝내주십니다,review
37,가천대,윤영미,확률과 통계,26년 1학기 수강자,2,교수로서는 좋으나 인간으로서는 아닌듯.. 목소리는 졸린편,review
38,가천대,황재천,확률과 통계,26년 1학기 수강자,4,사진 찍는게 번거롭고 빠지면 못 따라감 그렇지만 시험에서 과제 내용이 70%인게 너무 큰 장점,review
39,가천대,황재천,확률과 통계,26년 1학기 수강자,4,피피티 자료를 안 주셔서 불편하지만 수업 열심히만 듣고 복습하면 잘 따라갈 수 있습니다. 그리고 지각은 따로 체크 안 하시는 듯,review
40,가천대,황재천,확률과 통계,25년 1학기 수강자,5,"교수님이 설명은 잘 해주시는 편인데 PPT 자료는 따로 공유하지 않아서 수업 때 사진 계속 찍어야 합니다. 시험 전에 과제를 내주시고, 시험에도 과제에서 나온 내용이 일부 포함됩니다.",review
41,가천대,황재천,확률과 통계,26년 1학기 수강자,5,수업 설명 잘해주십니다 ppt 공유는 안해주세여,review
42,가천대,황재천,확률과 통계,26년 1학기 수강자,5,강의 교안 있는데 필기 귀찮아서 사진찍는 애들 때문에 가끔 방해됨. 교수님은 알려주는거 많음.,review
43,가천대,황재천,확률과 통계,26년 1학기 수강자,4,계속 사진 찍어서 진도를 따라가야해서 넘 불편..,review
44,가천대,황재천,확률과 통계,26년 1학기 수강자,5,"강의 교안 없어서 매시간 사진 찍는건 힘들지만, 수업은 집중 잘되는 편입니다!",review
45,가천대,황재천,확률과 통계,26년 1학기 수강자,4,강의교안은 따로 없는데 찍거나 책을 사야함 근데 교수님 열정이 있으셔서 재밌게 배우기 되는거같음,review
46,가천대,황재천,확률과 통계,26년 1학기 수강자,5,수업 강의를 안 주시는데 책 사서 공부하거나 받아적으면서 공부하면 돼서 크게 불편하진 않았습니다. 강의는 무조건 풀강입니다. (오티도 풀강) 출석은 딱 수업시작 시간에 점자출결 닫아버리시는데 지각해도 끝나고 다시 부르실때 출석인정해줍니다. 강의력 자체는 나쁘지 않은데 쉬운 걸 너무 어렵게 설명하시는 느낌입니다.,review
47,가천대,황재천,확률과 통계,26년 1학기 수강자,5,"피피티를 제공안해주시니 사진을 잘 찍어야함, 대충 예습하고 들으면 이해가 잘됨",review
48,가천대,손정혜,확률과 통계,22년 1학기 수강자,3,"이 강의의 장점은 녹강이라는 것밖에 없는 것 같다 근데 이 녹강마저도 점점 업로드 주기가 길어져서 공부할 때 너무 불편했다는 거... 강의력도 그리 좋으신 편은 아닌듯(거의 책에 있는 내용 읽으시고,문제 푸는 과정도 딱히 없음) 그래도 시험 잘 본 편은 아니라 생각했는데 성적은 꽤 너그럽게..? 주시는 것 같다",review
49,가천대,손정혜,확률과 통계,22년 1학기 수강자,5,평점 너무 낮아서 5점 줌… 난 솔직히 녹강이라 그냥 좋았음 과제 매번 있긴 한데 답 다 알려주고 수업 확인용 느낌? 시험 기말고사 한 번 봤는데 몰아보느라 힘들긴 했지만 공부한만큼 점수 잘 주셔서 만족,review
50,가천대,손정혜,확률과 통계,22년 1학기 수강자,3,사이버강의이긴한데 공부는 잘 안돼용 그래서 한학기동안 좀 힘들었습니다,review
51,가천대,손정혜,확률과 통계,22년 1학기 수강자,4,사이버강의라 편하게 듣기에는 나쁘지는 않았습니다. 다만 영상이 가끔 늦게 올라오고 공지가 너무 느릴때가 있네요.,review
52,가천대,손정혜,확률과 통계,22년 1학기 수강자,2,"성적은 그럭저럭 나와서 괜찮은데, 강의 자체로 보자면 별로이다. 녹화 강의로 올리시는데 매번 늦으신다. 아프시거나 그러면 이해를 하는데 애초에 공지도 늦게 올라옴. 교수님은 착하신데 책임감이 없으신 것 같다. 성적용으로 급하면 듣는 강의.",review
53,가천대,손정혜,확률과 통계,22년 1학기 수강자,2,"안 좋은 말 하기 싫지만 교수님 책임감이 없으신 거 같음.. 시험 며칠전에 강의 올리시고,, 중간고사 대체과제였는데 평소 수업내용과 과제만으로는 풀기 너무 어려웠음. 그리고 중간고사도 시험으로 보신다고 하셨던 거 시험 이틀 전에 과제 대체로 바꾸심. 배워가는게 없다는 생각이 들고 공부에 욕심도 안생기는 과목",review
54,가천대,손정혜,확률과 통계,22년 1학기 수강자,1,배운게 하나도 없음. 강의 매주 올려줬는데 후반부터 강의 몇 주씩 안 올라옴. 강의도 맨날 책 그대로 읽어줌.,review
55,가천대,손정혜,확률과 통계,22년 1학기 수강자,1,그냥 절대 듣지 마셈 강의도 안올려주고 이메일도 안보고 수업도 자기가 뭔말하는지 모르고 얼버무리고 얻어가는거 하나도 없움,review
56,가천대,손정혜,확률과 통계,22년 1학기 수강자,1,녹강인데 영상도 계속 늦게 올리시고 일정 공지하신 것도 잘 안 지키십니다. 처음에는 하루나 이틀 정도씩 늦으셨던 것 같은데 지금은 2주째 밀리고 있네요,review
57,가천대,손정혜,확률과 통계,22년 1학기 수강자,1,"온라인 강의 올려주시는데 매주 늦고, 수업도 못하시고 말씀하시는거 들어보면 책에 있는 내용 그대로 읽는 경우도 많습니다 저는 다시는 교수님 강의 안들을 것 같네요",review
58,가천대,조윤실,확률과 통계,23년 1학기 수강자,5,파이썬으로 수업하심. 과제도 없는 편은 아닌데 시험이 오픈북이라 좋았음,review
59,가천대,조윤실,확률과 통계,23년 1학기 수강자,4,시험 오픈북인 건 좋았음 수업은 그냥 평범함 확실히 확률과 통계 공부라기보다는 파이썬 라이브러리 찍먹해보는 느낌이 강하긴 함,review
60,가천대,조윤실,확률과 통계,23년 1학기 수강자,3,시험은 오픈북이고 파이썽 지식이 있어야 잘 따라 갈 수 있어요. 수업은 풀강이고 과제는 총 4개인데 꽤나 귀찮아요.,review
61,가천대,조윤실,확률과 통계,23년 1학기 수강자,3,확률과 통계말고 파이썬으로 통계 코딩하기 수업..?,review
62,가천대,조윤실,확률과 통계,23년 1학기 수강자,3,과목 이름은 확률과 통계이지만 파이썬 코딩을 매 수업마다 사용하시기 때문에 파이썬 기본이 없으면 따라가기 힘들것 같습니다. 시험은 오픈북으로 진행됩니다.,review
63,가천대,조윤실,확률과 통계,23년 1학기 수강자,3,통계의 실력을 쎃겠다의 느낌도 아니고 통계를 코딩하는 느낌..? 공부든 코딩 실력이든 둘 다 잡지 못허는 느낌이라 아쉬워오,review
64,가천대,조윤실,확률과 통계,23년 1학기 수강자,3,"풀강하시고 파이썬으로 확률과 통계 수업 진행하심 강의력 괜찮으신거같긴 한데 말실수가 잦으신 편이라 집중력이 잘 깨지고 (예를 들면 “안했습니다.” 라고 말씀하셔야될걸 “아ㅁ,안했슴미다.” 이런 느낌의 말실수) 진도를 엄청 빨리나가서 따라가기 힘듬 직접 코드 쳐보는 파이썬 실습시간은 많이 안주시기에 파이썬 기본기가 없으면 따라가기 힘들듯요 시험은 오픈북으로 진행합니다",review
65,가천대,조윤실,확률과 통계,23년 1학기 수강자,5,교수님께서 파일을 배포해주시고 실습하며 수업을 따라갈 수 있는 점이 너무 좋습니다. 또 수업도 재미있습니다 :),review
66,가천대,조윤실,확률과 통계,23년 1학기 수강자,1,졸려죽겠어요.. 수업 풀강하시고 그냥 졸립니다 .. 교수님 말투가 귀에 쏙쏙 들어오긴하는데 그래도 졸려요 .. 그리고 과제 발표를 임의로 시키시는데 당황스러울지도,review
67,가천대,조윤실,확률과 통계,22년 1학기 수강자,4,꼼꼼히 알려주시나 풀강 음 열심히한만큼 나옴 근데 내 스타일은 아님,review
68,가천대,조윤실,확률과 통계,21년 1학기 수강자,4,교수님 착하시고 난 갠적으로 괜찮았지만 항상 풀강,review
69,가천대,조윤실,확률과 통계,21년 1학기 수강자,2,"확률과 통계 수업이지만, 파이썬 데이터 분석 수업에 더 가까운 것 같습니다. 착한 교수님에 그렇지 못한 학점? 이랄까요... 생각 외로 학점이 잘 나오지 못해서... 다른 분들은 잘 받으셨으려나 모르겠네요... 의미없는 유튜브 동영상, 불규칙한 쉬는시간. 재미없는 수업. 이해하기 너무 어려웠습니다.",review
70,가천대,조윤실,확률과 통계,21년 1학기 수강자,1,그냥 강의자체를 못하세요.. 풀강의는 너무나 당연하고 의미없는데 시간을 많이쓰세요..ex) 의미없는 유튜브 영상들,review
71,가천대,조윤실,확률과 통계,21년 1학기 수강자,3,확통이 아니라 데이터 분석 라이브러리(파이썬) 수업입니다. 매트랩 사용 경험이 있다면 체감 난이도가 급감합니다.,review
72,가천대,조윤실,확률과 통계,21년 1학기 수강자,2,"개인적으로 다시는 듣고싶지 않은 수업 4시간 풀강은 기본이며 쉬는시간은 규칙적이지 않고 불규칙적임 확률과 통계라는 과목인데 데이터 수업인지 정체정을 알 수 없는 수업임 수업방식은 교수님이 주로 말씀하시며, 시험은 쉽지고 않고 어렵지도 않은 수준입니다. 교수님 열정은 많으셔서 좋지만 뭘 배워가는지 전혀 모르겠는 수업",review
73,가천대,조윤실,확률과 통계,21년 1학기 수강자,3,"수업이 4시간으로 진행이 되는데 중간에 쉬는시간 약간만 있고, 일찍 끝나는 일 없이 무조건 4시간 꽉 채워서 들어야 한다. 시험은 중간은 되게 쉬웠는데 기말이 어렵게 나와서 화들짝 놀람. 수업 시간에 다른 거 하고 나중에 혼자 자습하기만 해도 학점은 잘 나올듯.",review
74,가천대,조윤실,확률과 통계,21년 1학기 수강자,3,일단 수업을 엄청 꽉꽉 채워서 하십니다. 수업이 끝나면 기진맥진해지는 기분... 4시간 동안 수업을 하는데 가끔 일찍 끝내자고 말씀은 하시지만 일찍 끝난 적은 없던 걸로 기억합니다. 어느 날은 오히려 시간을 초과한 적도 있는걸로 기억해요. 수업 방식은 학생들과의 소통이나 실습 보다는 교수님의 설명으로 대부분 이루어집니다. 과제는 총 네 번 나왔습니다. 과제 난이도는 평균적으로 높지 않으나 기말이 끝나고 과제를 하나 내주십니다. 시험 난이도는 제 기준으로 중간은 쉬운편이었지만 기말은 중간에 비해서 많이 어렵게 느껴졌습니다. 교수님은 엄청 착하고 좋으신 분 같은데 수업은... 그렇게 영양가 있진 않은 것 같습니다. 조별과제는 없으나 빡빡한 수업을 싫어하시고 뭔가 쫓기는? 수업을 싫어하시는 분은 안 듣는걸 추천드립니다. 학점은 아직 안 나와서 모르지만 교수님은 최대한 점수를 주시려고 노력하십니다.,review
75,가천대,윤홍수,모바일프로그래밍,26년 1학기 수강자,5,따라치는거만 있고 교수님도 유쾌하고 재밌음 추가 실습도 어렵지 않고 지피티 돌리면서 따라가기 수월함,review
76,가천대,윤홍수,모바일프로그래밍,26년 1학기 수강자,5,일단 교수님이 너무너무 좋으셔서 학기가 끝나지않았지만 5점 박고 시작. 시험은 오픈북처럽 pdf 볼수있는상태로 앱 구현하는거라 수업시간에 집중 잘했거나 자바에 재능있으면 쉬울거임. 교수님 말씀 정말 따뜻하게하시고 강의력도 goat임 추천,review
77,가천대,윤홍수,모바일프로그래밍,26년 1학기 수강자,5,실습위주 수업이고 과제는 없음. 기본적인 코딩을 할 줄 안다면 어려울 것이 없음. 자바 잘하면 개꿀과목,review
78,가천대,윤홍수,모바일프로그래밍,26년 1학기 수강자,5,실습 위주 강의임. 과제도 없고 일찍 끝내면 빨리 돌아갈 수 있음.,review
79,가천대,윤홍수,모바일프로그래밍,26년 1학기 수강자,5,실습 위주 수업이고 진행하다가 잘 안되는 부분 있으면 친절하게 답변도 해주십니다. 편하고 재미있게 들을 수 있고 실습 빨리 끝내면 강의실에서도 먼저 나가게 해주십니다! 수업 자료도 철저하게 준비해주셔서 개인적으로는 실습 과정에선 어려움은 없었습니다..!!,review
80,가천대,윤홍수,모바일프로그래밍,26년 1학기 수강자,5,"설명을 매우 잘하십니다. 같이 실습도 천천히 진행해주시구요, 설명을 잘하십니다. 실습 본인이 당일날 일찍 끝냈으면 일찍 강의도 끝납니다. 실습 중 코드가 이해가 안되거나 문제가 생겼을 때 질문하면 매우 잘 받아주세요",review
81,가천대,윤홍수,모바일프로그래밍,26년 1학기 수강자,5,걍 수업만 잘 따라가도 좋은 강의 잘 따라가서 당일 빨리 끝내면 먼저 나가는거 ㄱㄴ,review
82,가천대,윤홍수,모바일프로그래밍,26년 1학기 수강자,5,"이론만 쭉 설명하시거나 알아서 해봐라 하고 던져두시지 않고 실습 기초부터 차근차근 진행됩니다. 교수님 집중도도, 강의력 좋으시고 학생들 실습시키시면서 끌고 가려는게 보임 학생들 상황에 따라 배려도 잘 해주십니다. 실습하고 마지막 실습 응용에서 빨리 끝내시면 50분 일찍 집갈 수 있음",review
83,가천대,윤홍수,모바일프로그래밍,26년 1학기 수강자,5,실습 위주 수업입니다 실습 다 끝낸 학생들은 먼저 보내주셔요 재밌고 들을만합니다 추천해용,review
84,가천대,윤홍수,모바일프로그래밍,26년 1학기 수강자,5,이론은 빨리 지나가고 실습 위주로 수업해서 이론부분은 따로 공부하면 더 좋을 거 같아요. 실습 빨리 끝낸 사람은 집에 가게 해주셔서 좋음.,review
85,가천대,이상홍,모바일프로그래밍,25년 1학기 수강자,2,자료 다 주는데 그냥 복붙해서 실행하기임 편한데 무슨 내용인지 모르겠음 중간은 지필이였는데 강조한 내용 나온 것도 아니고 잘 모르겠음,review
86,가천대,이상홍,모바일프로그래밍,25년 1학기 수강자,4,강의 자체는 별 볼일 없지만 성적은 잘줘서 4점. 기말은 대체과제임. 중간은 시험을 봤는데 문제수는 적은데 별 중요하지도 않은 지점에서 문제를 냄. 글고 중간중간에 과제 공지사항에 안올려주고 수업시간에 말로만 알려줌. 메일로 물어봐도 안알려줌. 이 점이 좀 깐깐한듯. 일단 성적은 잘줘서 다행이긴한데 이 교수님 다시 들을지는 모르겠다.,review
87,가천대,이상홍,모바일프로그래밍,25년 1학기 수강자,1,"녹강 올려주신다고 했는데 안 올려주신 적 몇 번 있습니다. 왜 그런지 모르겠는데 과제 공지 등을 일절 안 하세요. 과제 공지가 따로 없어서 수업에 집중해야 하긴 하는데, 그거 과제 내용 알아내려고 단순 코드따라치기 수업에 집중해야 하나 싶어요. 중간은 평이한 난이도의 필기시험이고 기말은 게임 앱 만들기 프로젝트입니다. 중간 난이도는 저는 개인적으로 평이하다고 느꼈는데, 교수님께서 미리 안내한 방식과는 다르게 나와서 당황한 학생들도 많았던 걸로 기억해요. 기말과제 역시 정작 배운 건 1도 없는데 높은 수준을 바라시는 것 같았어요. 프로젝트 아이디어가 뻔할 수도 있으니 수업시간 끝나고 나서, 혹은 메일로 확인받으라고 말씀하셨는데 웬만해서는 별로라고 하시는 것 같았어요. 성적은 잘 주셨어요.",review
88,가천대,이상홍,모바일프로그래밍,25년 1학기 수강자,2,배운게 하나도 없었지만 성적은 잘 주시는 편입니다.,review
89,가천대,이상홍,모바일프로그래밍,25년 1학기 수강자,1,어이없을정도로 얻어가는게 없는 수업입니다.,review
90,가천대,이상홍,모바일프로그래밍,25년 1학기 수강자,1,"ㄱㅊㅂ:웹 프로그래밍 ㄱㅊㅂ:인공지능 개론 그리고 바로 이 수업. 필자가 생각하는 가천대 컴공과 3대 폐급 수업이다. 물론 모든 교수님의 모든 강의를 겪은게 아니니 이는 철저하게 나의 주관을 기반으로 선정된 순위이나, 단언할 수 있다. 이 강의는 쓰레기다. 15주간 배우는 것은 안드로이드 개발 노하우, 모바일과 데스크탑 환경의 차이등등 응당 이 수업에서 배워갈 수 있으리라 기대했던 지식들이 아닌 교수 본인의 개발 패러다임에 대한 얕은 생각+자바 코드를 복사할때 최상단 package 명시 코드를 주의해야 한다는 것밖에 없다. 솔직한 말로 아무 코틀린 책이나 챗gpt에게 요약해 달라 부탁하고 그걸 한번 정독하는게 더 나을 수준이라고 생각한다. 그러니 부디 이 강의를 들을까 고민하는 가천대 동문들이여, 떠나라. 이 곳에 빛은 없다.",review
91,가천대,이상홍,모바일프로그래밍,25년 1학기 수강자,3,시험도 어렵고 수업이 도움되는지는 모르겠음 기말은 대체과제고 중간 시험은 완전 어려움,review
92,가천대,이상홍,모바일프로그래밍,25년 1학기 수강자,1,듣지 마소 복붙강의 배워가는거없음 시험도 이상함 공지도 늦게해줌,review
93,가천대,이상홍,모바일프로그래밍,25년 1학기 수강자,2,코드 복붙하다가 끝나는 수업 유일한 장점은 일찍 끝내주신다,review
94,가천대,이상홍,모바일프로그래밍,25년 1학기 수강자,1,비싼 등록금 주고 이런 저수준의 강의를 들어야하는게 슬프네요,review
95,가천대,정윤현,모바일프로그래밍,24년 1학기 수강자,4,실습 많지만 코드 보고 그댏 하는거라 어렵진 않습니다. 근데 시험에 나와서 외우긴 해야해요.,review
96,가천대,이수경,모바일프로그래밍,26년 1학기 수강자,1,배울거 1도 없는 코드보고 따라치기 수업 교수님도 아닌 외부강사가 수업하는 듯,review
97,가천대,이수경,모바일프로그래밍,26년 1학기 수강자,3,"화면 확대를 안해주심, 코드 치려면 책 무조건 있어야함 그냥 책보고 따라쓰기의 연속",review
98,가천대,이수경,모바일프로그래밍,26년 1학기 수강자,4,수업은 무난하고 과제가 거의 매주 있습니다 책 내용을 그대로 따라갑니다,review
99,가천대,이수경,모바일프로그래밍,26년 1학기 수강자,5,하나하나 코드 쓰는 거 전부 지켜봐서 시간이 오래걸리긴 하는데 수업 내용 자체는 기본에 충실합니다.,review
100,가천대,이수경,모바일프로그래밍,26년 1학기 수강자,5,교과서 내용 위주로 수업 진행되고 천천히 잘 알려주십니다 매주 과제가 귀찮지만 할만합니다,review
101,가천대,이수경,모바일프로그래밍,26년 1학기 수강자,1,타자치는 수업입니다. 직접해보는게 중요하다고 하지만 너무하네요,review
102,가천대,이수경,모바일프로그래밍,26년 1학기 수강자,2,그냥 타자 수업임 배울거 없습니다. 혼자 공부하면 1시간이면 될걸 혼자 3시간 쓰시는듯,review
103,가천대,이수경,모바일프로그래밍,26년 1학기 수강자,3,"교재에 나와있는 코드 따라쳐보고 끝나는 수업입니다. 교재 구매해아하고, 혼자 공부해야 하는 강의 같습니다.",review
104,가천대,이수경,모바일프로그래밍,26년 1학기 수강자,3,일단 지각하면 3지각처리임 근데 약간 무서워 보이는데 가끔씩 웃으시면서 분위기 풂,review
105,가천대,이수경,모바일프로그래밍,26년 1학기 수강자,3,ppt안주시고 그냥 책에 있는거 따라치는게 전부임,review
106,가천대,김정범,빅데이터분석개론,26년 1학기 수강자,2,차마 3점은 못주겠다 그렇다고 1점까진 아니고 딱 2점? 수업 그냥 ppt읽고 코드복붙 ppt 안줘서 중요한부분 사진찍으라고하심 시헌은 거의 다 주관식 서술형 팀플까지 해야하는게 참 ㅋㅋ,review
107,가천대,김정범,빅데이터분석개론,26년 1학기 수강자,3,교수님 인자하시고 친절하십니다 수업과목 특성상 코드 실습 위주 수업입니다,review
108,가천대,김정범,빅데이터분석개론,26년 1학기 수강자,2,교수님은 좋으시나 강의는 음 그냥 자료 복사하고 실습해서 그냥 그거 다하면 강의 끝 입니다. 시험은 어떤 식으로 나올지는 예상이 안가네요.,review
109,가천대,김정범,빅데이터분석개론,26년 1학기 수강자,4,코드 복붙 강의이긴 한데 열정은 있으세요 팀플있어요,review
110,가천대,김정범,빅데이터분석개론,26년 1학기 수강자,3,그냥 혼자 강의듣고 혼자 나중에 공부하는 자기주도적 공부임,review
111,가천대,김정범,빅데이터분석개론,26년 1학기 수강자,4,수업은 일찍 끝내주시는 편 과제는 주마다 거의 있습니다 수업은 코드 실습입니다 자료 다 주십니다,review
112,가천대,김정범,빅데이터분석개론,26년 1학기 수강자,3,교수님이 친절하심. 진도 다 나가면 수업을 끝내주심. 하는건 책에 나온 실습 그대로 따라해보기.,review
113,가천대,김정범,빅데이터분석개론,26년 1학기 수강자,1,"그냥 교수님 날먹이심, github 검색해보기랑 교재 예제 복붙해보고 회사에서 사랑받는 직원이 될거라고 가스라이팅 하심;; 그리고 1주차부터 조별과제 얘기하더니 중간이 지니도록 조별프로젝트 어떻게 하면 좋을지 같은거 얘기도 안함, 그냥 시험 내기 귀찮고 하니까 조별과제로 퉁치려는거 같아서 별로임 말투나 그런건 친절한데 그냥 학생들을 초등학생 코딩학원 애들 정도로 보는거 같음",review
114,가천대,김정범,빅데이터분석개론,26년 1학기 수강자,2,일단 수업을 굉장히 빨리 끝내주심 3시간짜리 수업인데 항상 1시간반~2시간이면 끝남 빨리 끝나니까 강의중에는 딱히 배우는 내용이 얼마 없음 그냥 코드 복붙+ 간단한 설명정도 조 구성해서 프로젝트 진행한다고는 하는데 별로 기대는 안됨,review
115,가천대,김정범,빅데이터분석개론,26년 1학기 수강자,3,강의가 너무 빨리 끝나고 이론적인 부분에 대해 설명이 너무 빈약하다고 느낌 시험이나 프로젝트 같은 부분들은 자기가 얼마나 하느냐에 따라 만족도가 달라져서 잘 모르겠지만 일단 수업에서 뭘하는 건지는 잘 모르겠고 팀짜고 리더 정하는 등 수업이 상당히 생소했음.. 그리고 매주 레포트가 나오는데 사캠에 제출하는 게 아니고 메일로 직접 제출함,review
116,가천대,강재현,빅데이터분석개론,26년 1학기 수강자,5,"교수님 친절하세요. 자료도 제공해주시고, 질문도 잘 받아주십니다. 과제 없다고 볼 정도로 쉽고, 많이 안 내주십니다.",review
117,가천대,강재현,빅데이터분석개론,26년 1학기 수강자,5,정말 좋은 교수님입니다 열정적으로 수업하십니다 교안에 정성이 들어 있어요,review
118,가천대,강재현,빅데이터분석개론,26년 1학기 수강자,5,교수님이 정말 친절하시고 코드들도 대부분 공유해주셔서 학습 시에 도움이 됩니다,review
119,가천대,강재현,빅데이터분석개론,26년 1학기 수강자,5,교수님이 너무 친절하고 착하십니다 대신 공부할건 먾음,review
120,가천대,강재현,빅데이터분석개론,26년 1학기 수강자,5,교수님이 친절하시고 자세하게 알려주셔서 좋습니다.,review
121,가천대,강재현,빅데이터분석개론,26년 1학기 수강자,5,설명도 잘 해주시고 실습과제 나가는데 어렵지 않고 복습차원에서 좋습니다!,review
122,가천대,강재현,빅데이터분석개론,25년 1학기 수강자,4,교수님 조곤조곤 설명 자세히 해주세요 질문도 잘 받아주세요,review
123,가천대,이강윤,빅데이터분석개론,25년 1학기 수강자,1,해당 교수님 강의 2갠가 들었는데 둘다 후회. 사담이 너무많은데 하..,review
124,가천대,이강윤,빅데이터분석개론,25년 1학기 수강자,3,그냥 정신없이 시키는거하다가 딸각딸각 시험보면끝 그렇게 강의가좋지도않고 과제가없는것도아니고 시험도애매함,review
125,가천대,이강윤,빅데이터분석개론,25년 1학기 수강자,4,"교수님이 초반에는 쉽게쉽게 설명하시다가 후반 갈수록 헬 난이도 됨. 그러므로 집중하면서 수업시간에 따라갈 수 있도록 노력해야함 그리고 1주에 과제 한번씩 있으며, 과제 자체는 지피티 돌리면 그렇게 어렵진 않지만 번거롭긴 함",review
126,가천대,이강윤,빅데이터분석개론,25년 1학기 수강자,3,1점짜리 수업은 아니고 그냥 무난하다고 생각하는데.. 과제가 조금 어렵긴 했지만 PPT 에제와 형식이 유사해서 푸는데 지장이 있지는 않았음. 오히려 중간고사 전까지 좀 지루했는데 코드 따라치니까 좀 재미있어진 정도 코드 설명이나 흐름 설명도 잘 해주시긴 하는데 설명을 들으면서 동시에 코드 타이핑하는게 좀 힘듦. 전날에 미리 자료 올려주시니까 코드 미리 타이핑해가던지 하는게 좀 편했음,review
127,가천대,이강윤,빅데이터분석개론,25년 1학기 수강자,1,작년 강의평이 왜 좋은지 이해가 안됨 중간까지는 이론 설명 하시는데 개인적인 사담이 더 많음 기말은 파이썬 코딩으로 데이터수집 하는데 코드 복붙 수업임 걍 코드에 대한 설명은 안하시고 진도를 나가셔서 어떤 걸 얻어간다는 느낌이 1도 없었음 근데 과제는 매주 잇음,review
128,가천대,이강윤,빅데이터분석개론,25년 1학기 수강자,1,강의평들이 왜 좋은지 모르겠음. 우선 중간 전 초반 수업땐 정말 쓸모없는 얘기로 전반기 다 날림. 허구한 날 잡소리만 하고 뭔가 제대로 된 빅데이터 이론 수업을 들은적이 없음. 중간 이후부터는 실습 위주의 수업으로 바뀜. 실습을 하긴 하는데 교수님도 뭔가 어설픔. 질문해도 뭔가 명확한 해답을 안주고 횡설수설함. 수업도 그냥 쭉쭉 나가면 되는데 안되는거 기다리고 설명하고 잡소리하고 걍 계속 풀타임 꽉꽉 채움. 개인적으로 너무 쓸모없는 개인소리만 하는게 별로였음.,review
129,가천대,이강윤,빅데이터분석개론,25년 1학기 수강자,1,그냥 코드 복붙식 수업… 진도도 훅훅 나가서 타자 느리면 못따라감,review
130,가천대,이강윤,빅데이터분석개론,25년 1학기 수강자,1,과제 개많음. 귀찮음 그리고 수업 초반에 이론이 너무 재미없음,review
131,가천대,이강윤,빅데이터분석개론,25년 1학기 수강자,4,"IBM 연구소에 근무하셨어서 그런지 IBM 신봉자 또 초반 한달동안 기업이야기만 주구장창하는데 이게 꽤나 고역이다. 한달 뒤에는 실습을 진행하게 되는데, 설명이 딱히 불친절 한 것은 아니지만, 일일이 떠먹여 주진 않는다. 그래도 수업중에 해야하는 압박은 없고 집에서 천천히 해도 되니까 괜찮음",review
132,가천대,이강윤,빅데이터분석개론,25년 1학기 수강자,3,뭔가 널널한 수업인 거 같으면서도 (수업에서 얻어가는 건 없음) 과제는 꽤 신경써서 해야 됨.. 교수님은 좋으신데 수업이 너무 뭘 배우는지 모르겠음,review
133,가천대,이영호,빅데이터분석개론,25년 1학기 수강자,3,다른 강의에 비해 색다르다 들어보면 느낀다 ai 현직자 인터뷰도 해야된다..,review
134,가천대,이영호,빅데이터분석개론,25년 1학기 수강자,3,교수님 좋으십니다아아 수업 일찍 끝네주셔서 넘 좋아요오오,review
135,가천대,이영호,빅데이터분석개론,25년 1학기 수강자,3,수업이 지루합니다 중간필기하고 기말 코딩해요,review
136,가천대,이영호,빅데이터분석개론,25년 1학기 수강자,3,AI 현직자 인터뷰 해야합니다 교수님 깐깐하셔서 지각 안받아주십니다 본인 성에 안차시면 화내시기에 조교는 안하는편이 좋습니다. 중간은 시험 기말은 과제입니다,review
137,가천대,이영호,빅데이터분석개론,25년 1학기 수강자,1,얻어가는거없음… 본인 할말만 하심.. 개비추 …,review
138,가천대,이영호,빅데이터분석개론,25년 1학기 수강자,3,"드랍할까 하다가 걍 들었는데 수업 못듣겠음;; 3시간 수업인데 자기 쉬고 싶을 때 3분에서 5분 쉼. 강의 들으면서 얻어가는 점, 배울 점 없음. 사담 많이함. 학생 지목해서 책 읽으라고 하고 교수는 읽은부분 보충 설명 함.",review
139,가천대,이영호,빅데이터분석개론,25년 1학기 수강자,1,책은 교수님 책 무조건 써야하는데 겁나 비싼데 퀄리티 그냥 일반 시중 책에 하나도 못 따라갑니다. 수업 내용 딴 얘기 80이고 가장 좋은점이라면 빨리 끝내줌,review
140,가천대,이영호,빅데이터분석개론,25년 1학기 수강자,3,인터뷰과제가 번거롭고 수업들으면서 실력향상시키는거보단 혼자공부하며 실력향상시키는느낌임.,review
141,가천대,이영호,빅데이터분석개론,25년 1학기 수강자,3,별로 수업을 안들어도 되는 느낌 그냉 책조고 공부하는게 더 배울것이 많은것 같아요,review
142,가천대,이영호,빅데이터분석개론,25년 1학기 수강자,3,그냥 호평을 하기도 혹평을 하기도 힘든 수업. 수업 자체는 나름 재밌..다....,review
143,가천대,이수현,빅데이터분석개론,26년 1학기 수강자,5,외부인사도 초대해주시고 열정적이시고 수업 일찍끝나고 좋아요 수업도 좋음,review
144,가천대,이수현,빅데이터분석개론,26년 1학기 수강자,5,수업도 일찍 끝내주시고 잘 가르쳐 주셔요 학생들을 아끼셔요,review
145,가천대,이수현,빅데이터분석개론,25년 2학기 수강자,5,교수님이 정말 친절히 설명해주십니다. 강의 끝나고 질문도 잘 받아주시고 개인 면담도 정말 잘 받아주십니다,review
146,가천대,이수현,빅데이터분석개론,26년 1학기 수강자,5,지루하지도 않고 수업도 일찍 끝내주심 조별과제 한 번 있어용,review
147,가천대,이수현,빅데이터분석개론,26년 1학기 수강자,5,교수님이 친절하시고 강의도 무난하고 좋아요 db도 강의하셨는데 비슷한느낌,review
148,가천대,이수현,빅데이터분석개론,25년 1학기 수강자,4,빨리 끝내주시고 교수님 좋으십니다아아 추천해요오오오오,review
149,가천대,이수현,빅데이터분석개론,25년 1학기 수강자,5,"빨리 끝내주시고, 외부 인사 초청해주시고, 열정적이시다. 수업 내용도 깔끔하다",review
150,가천대,이수현,빅데이터분석개론,25년 1학기 수강자,4,시험기간에 조별과제 내주신거 감안해도 좋은 강의였음 시험은 기초적인걸로 나와서 하나 틀릴때마다 학점날라감,review
151,가천대,이수현,빅데이터분석개론,25년 1학기 수강자,4,교수님이 빅데이터 분석 실습을 다 하셔서 저희가 하는건 없습니다. 그래서 그만큼 배우는게 없는거 같기도 하고..?,review
152,가천대,이수현,빅데이터분석개론,25년 1학기 수강자,4,교수님이 열심히 수업 진행하십니다. 내용도 그렇게 어려운 편도 아니고 평소에 빅데이터에 관심이 많은 분이시라면 한번쯤 들을만 합니다.,review
153,가천대,김갑열,스마트기기시스템,26년 1학기 수강자,5,실물기기 만지면서 하는 수업이라 지루할 틈은 없는듯 내용 자체는 아주 쉬움 1학년이 들어도 될 정도?,review
154,가천대,김갑열,스마트기기시스템,26년 1학기 수강자,5,수업도 일찍 끝내주고 실습 위주라서 좋음 내용도 많이 없어서 시험공부도 쉬움,review
155,가천대,김갑열,스마트기기시스템,26년 1학기 수강자,5,"교수님 스타일은 터프하시고, 강의는 실습 위주로 진행되어요. 수업 시간의 대부분이 실습이니 재미있습니다. 실습하면서 시간이 많이 남아서 이것저것 시도해보기 좋으니 iot에 흥미있으면 추천합니다. 교안에 대한 내용도 어렵지만 관심 있으면 흥미롭게 학습할 것 같아요.",review
156,가천대,김갑열,스마트기기시스템,26년 1학기 수강자,5,실습이 많아서 재밌고 잘 가르치시는 것 같아요 수업도 실습장비 넣는 시간때문에 30분 일찍 끝내셔요,review
157,가천대,김갑열,스마트기기시스템,26년 1학기 수강자,3,"수업 내용도 좋고, 학생들도 잘 챙겨두시고, 수업에 유도리도 있으시고 좋은 수업임은 확실하지만, 3시간 수업 중 실습을 핑계로 1시간에서 최대 1시간 반은 방치당함",review
158,가천대,김갑열,스마트기기시스템,26년 1학기 수강자,5,내용은 많이 없고 실습이 많아서 재밌음. 교수님 강의력도 좋음,review
159,가천대,김갑열,스마트기기시스템,26년 1학기 수강자,5,들을만 함 실습이 많아서 재밌음. 그리고 내용이 그렇게 많지 않다보니 공부하기 편함,review
160,가천대,김갑열,스마트기기시스템,26년 1학기 수강자,5,실습위주에 이론+코드 내용이라서 재밌고 유익해요. 교수님도 좋습니다.,review
161,가천대,김갑열,스마트기기시스템,26년 1학기 수강자,5,기초적인 내용이고 실습 위주라 맘 편하게 들을 수 있어요,review
162,가천대,김갑열,스마트기기시스템,26년 1학기 수강자,5,코드도 제공해주시고 수업 재밌게 들을만 합니다. IOT 할 생각이면 추천,review
163,가천대,이병문,스마트기기시스템,24년 1학기 수강자,4,Js나 IoT관련 지식이 없으면 빡셈 하지만 그만큼 배워가는개 많습니다,review
164,가천대,이병문,스마트기기시스템,24년 1학기 수강자,5,수업의 내용자체가 워낙 빡세서 그런지 비교적 쉬운 중간에 완벽할정도로 맞추고 기말에 많이 실수해도 A는 충분히 받을 수 있을 것 같아요. 수업 후 집에 늦게 갈 수 있으니 주의하시길바랍니다,review
165,가천대,이병문,스마트기기시스템,24년 1학기 수강자,3,내용자체는 매우 유익하나 기본베이스가 없으면 따라가기 벅차고 실습도구들을 집에 가져갈 수 없어서 공부도 하기 매우 빡셉니다 베이스 부족하신분들은 피해야 할 과목 중 하나,review
166,가천대,이병문,스마트기기시스템,24년 1학기 수강자,3,노드를 모르니 따라가기 너무 버거웠어요 임베디드는 나의 길이 아닌 걸 알 수 있는 수업이였습니다,review
167,가천대,이병문,스마트기기시스템,24년 1학기 수강자,5,강의는 좋은데 node를 모르면 조금 따라가기 힘들어요.,review
168,가천대,이병문,스마트기기시스템,24년 1학기 수강자,5,웹서버 작동원리와 기기가 어떻게 움직이는지 배울 수 있습니디,review
169,가천대,이병문,스마트기기시스템,24년 1학기 수강자,4,강의는 괜찮지만 매주 있는 과제가 생각보다 까다로움,review
170,가천대,이병문,스마트기기시스템,24년 1학기 수강자,4,나는 이교수님을 너무너무 좋아하지만 과목 자체가 너무 어려웠다. 기본 코딩을 할줄 알아야한다.,review
171,가천대,이병문,스마트기기시스템,24년 1학기 수강자,4,교수님의 강의력은 좋습니다. 실습 위주 수업이고 nodejs를 모르면 많이 어려울 수 있습니다.,review
172,가천대,이병문,스마트기기시스템,24년 1학기 수강자,4,nodejs가 선행되어 있지 않다면 절대 듣지 마세요. 매주 후회합니다. 라즈베리파이 코딩 실습 위주 수업입니다. 노드를 잘 알고 있다면 재밌는 수업일 것 같아요. 잘 모르는 저로써는 안 듣는 게 나았을듯...,review
173,가천대,나경진,블록체인개론,26년 1학기 수강자,5,젊은 교수님이라 꽉 막힌 부분이 없어 좋습니다. 강의력은 잘 모르겠습니다. 교재 준비를 권장하는 강의인데 제가 준비를 안하고 PPT로만 봐서.. 그래도 피피티 보면서 AI로 정리해두면 시험은 문제 없습니다!(교재에만 있는 내용은 딱 한 문제만 나왔어요),review
174,가천대,나경진,블록체인개론,26년 1학기 수강자,4,ㅂㅇㅈ 교수님 스타일이세요 열심히 설명해주시고 좋아요,review
175,가천대,나경진,블록체인개론,26년 1학기 수강자,5,피피티 내용이 많지만 그만큼 많이 알려주신다고 생각해서 좋았음 . 주식하는 사람 입장으로 비트코인과 이더리움에 대해 간접적으로도 알 수 있어서 좋음. 하지만 배우다보면 피피티 내용이 겹치는 내용이 있어 그 부분 설명해주실때는 지루함.,review
176,가천대,김우성,블록체인개론,26년 1학기 수강자,5,블록체인 따로 접해본 사람이 거의 없을테니 대부분 다 비슷하게 어려운 건 어려울 거고 프로그래밍 관련 부분은 나름 재미있을 것이고 그런 느낌,review
177,가천대,김우성,블록체인개론,25년 2학기 수강자,3,EVM이 얼마나 쓰레기 기술인지 배울 수 있는 강의 늘 일찍 마쳐주시고 기말 프로젝트를 통해 EVM으로 DApp를 직접 개발해서 발표하는 시간이 있는데 대학생 수준에서 적절한 찍먹 수준이라 만족스러웠음 다만 교수님이 코드 검증이 어려우니 질문으로 대체하시겠다며 발표하러 나온 학생을 거의 면박 주듯이 질문하시는게 거슬릴 수 있음,review
178,가천대,김정혁,블록체인개론,25년 1학기 수강자,5,"중간 기말 대체 과제에, 출석도 융통성 있게 처리해주시고, 점수도 나쁘지 않게 주는 컴공과 숨은 4학년 명강의.",review
179,가천대,김정혁,블록체인개론,25년 1학기 수강자,5,중간 기말 대체과제인 레전드 꿀강의. 꼭 들으세요,review
180,가천대,김정혁,블록체인개론,25년 1학기 수강자,5,중간 기말 다 대체여서 4학년 수업 중 부담없이 들을 수 있는 수업입니다 코인도 직접 제공해주세요…,review
181,가천대,김정혁,블록체인개론,25년 1학기 수강자,5,중간고사도 대체 과제고 부담이 전혀 없는 수업입니다,review
182,가천대,김정혁,블록체인개론,25년 1학기 수강자,5,교수님 정말 좋으시고 전공이지만 교양같은 느낌으로 듣기 좋아여,review
183,가천대,김정혁,블록체인개론,24년 1학기 수강자,5,바쁜 4학년들 추천하는 수업이고 전혀 부담이 없음,review
184,가천대,김정혁,블록체인개론,25년 1학기 수강자,5,중간 레포트쓰고 기말 발표해요 출결 너그러우세요 꿀강의입니다,review
185,가천대,김정혁,블록체인개론,25년 1학기 수강자,5,수업내용이 교수님 톤에 의해서 조금 지루할 수 있으나 중간 기말이 전부 레포트로 대체되는 꿀수업입니다 4학년이라면 꼭 잡으시길..,review
186,가천대,김정혁,블록체인개론,24년 1학기 수강자,5,교수님 착하고 친절하심. 목소리가 작아서 앞에 앉아서 들어야함.. 시험 없음,review
187,가천대,김정혁,블록체인개론,24년 1학기 수강자,5,강사로 강의를 하신 수업입니다. 교수님 능력도 좋고 강의 자료의 질도 좋습니다. 아쉬운점은 말 그대로 개론 수업이기 때문에 3시간 동안 이론만 설명하시는데 말투가 나긋나긋하셔서 잠들기 쉽습니다.,review
